raceId,year,circuit,lat,lng,milliseconds,datetime,temp,clouds,wind_speed,wind_deg,weather_main,weather_desc
1,2009,Australian Grand Prix,-37.8497,144.968,5655784,2009-03-29 06:00:00,20.81,0.0,6.7,180.0,Clear,clear sky
2,2009,Malaysian Grand Prix,2.76083,101.738,4252092,2009-04-05 09:00:00,28.15,75.0,1.0,290.0,Rain,light rain
3,2009,Chinese Grand Prix,31.3389,121.22,7063485,2009-04-19 07:00:00,19.79,100.0,10.0,140.0,Rain,moderate rain
4,2009,Bahrain Grand Prix,26.0325,50.5106,5508182,2009-04-26 12:00:00,28.76,14.0,5.01,100.0,Clouds,few clouds
5,2009,Spanish Grand Prix,41.57,2.26111,5839202,2009-05-10 12:00:00,20.27,20.0,4.1,130.0,Clouds,few clouds
6,2009,Monaco Grand Prix,43.7347,7.42056,6044282,2009-05-24 12:00:00,22.88,20.0,3.1,110.0,Clouds,few clouds
7,2009,Turkish Grand Prix,40.9517,29.405,5184848,2009-06-07 12:00:00,28.41,0.0,3.1,210.0,Clear,clear sky
8,2009,British Grand Prix,52.0786,-1.01694,4969328,2009-06-21 12:00:00,16.8,99.0,3.46,316.0,Clouds,overcast clouds
9,2009,German Grand Prix,50.3356,6.9475,5803310,2009-07-12 12:00:00,16.95,75.0,4.6,200.0,Clouds,broken clouds
10,2009,Hungarian Grand Prix,47.5789,19.2486,5903876,2009-07-26 12:00:00,24.51,0.0,9.3,300.0,Clear,clear sky
11,2009,European Grand Prix,39.4589,-0.331667,5751289,2009-08-23 12:00:00,31.33,0.0,4.1,130.0,Clear,clear sky
12,2009,Belgian Grand Prix,50.4372,5.97139,5030995,2009-08-30 12:00:00,16.14,40.0,4.0,270.0,Clouds,scattered clouds
13,2009,Italian Grand Prix,45.6156,9.28111,4581706,2009-09-13 12:00:00,25.68,20.0,1.0,290.0,Clouds,few clouds
14,2009,Singapore Grand Prix,1.2914,103.864,6966337,2009-09-27 12:00:00,30.94,75.0,2.1,220.0,Haze,haze
15,2009,Japanese Grand Prix,34.8431,136.541,5300443,2009-10-04 05:00:00,25.88,0.0,3.6,120.0,Clear,clear sky
16,2009,Brazilian Grand Prix,-23.7036,-46.6997,5543081,2009-10-18 16:00:00,25.75,75.0,4.1,300.0,Rain,moderate rain
17,2009,Abu Dhabi Grand Prix,24.4672,54.6031,5643414,2009-11-01 11:00:00,34.46,0.0,6.2,310.0,Clear,clear sky
18,2008,Australian Grand Prix,-37.8497,144.968,5690616,2008-03-16 04:30:00,38.31,20.0,7.7,360.0,Haze,haze
19,2008,Malaysian Grand Prix,2.76083,101.738,5478555,2008-03-23 07:00:00,30.08,75.0,1.5,260.0,Clouds,broken clouds
20,2008,Bahrain Grand Prix,26.0325,50.5106,5466970,2008-04-06 11:30:00,23.24,81.0,6.06,350.0,Clouds,broken clouds
21,2008,Spanish Grand Prix,41.57,2.26111,5899051,2008-04-27 12:00:00,19.68,69.0,5.1,140.0,Clouds,broken clouds
22,2008,Turkish Grand Prix,40.9517,29.405,5209451,2008-05-11 12:00:00,16.71,50.0,3.11,341.0,Clouds,scattered clouds
23,2008,Monaco Grand Prix,43.7347,7.42056,7242742,2008-05-25 12:00:00,18.08,75.0,7.2,60.0,Rain,light rain
24,2008,Canadian Grand Prix,45.5,-73.5228,5784227,2008-06-08 17:00:00,28.59,0.0,7.2,240.0,Clear,clear sky
25,2008,French Grand Prix,46.8642,3.16361,5510245,2008-06-22 12:00:00,27.41,75.0,4.1,150.0,Clouds,broken clouds
26,2008,British Grand Prix,52.0786,-1.01694,5949440,2008-07-06 12:00:00,14.04,98.0,5.41,193.0,Rain,light rain
27,2008,German Grand Prix,49.3278,8.56583,5480874,2008-07-20 12:00:00,23.2,61.0,3.98,270.0,Clouds,broken clouds
28,2008,Hungarian Grand Prix,47.5789,19.2486,5847067,2008-08-03 12:00:00,28.51,40.0,3.1,340.0,Clouds,scattered clouds
29,2008,European Grand Prix,39.4589,-0.331667,5732339,2008-08-24 12:00:00,29.93,20.0,5.1,130.0,Clouds,few clouds
30,2008,Belgian Grand Prix,50.4372,5.97139,4979394,2008-09-07 12:00:00,14.11,40.0,7.0,220.0,Clouds,scattered clouds
31,2008,Italian Grand Prix,45.6156,9.28111,5207494,2008-09-14 12:00:00,15.31,40.0,5.1,100.0,Rain,light rain
32,2008,Singapore Grand Prix,1.2914,103.864,7036304,2008-09-28 12:00:00,27.79,75.0,1.5,60.0,Haze,haze
33,2008,Japanese Grand Prix,35.3717,138.927,5421892,2008-10-12 04:30:00,19.14,99.0,1.96,167.0,Clouds,overcast clouds
34,2008,Chinese Grand Prix,31.3389,121.22,5517403,2008-10-19 07:00:00,27.67,75.0,5.0,40.0,Rain,light rain
35,2008,Brazilian Grand Prix,-23.7036,-46.6997,5651435,2008-11-02 17:00:00,25.54,75.0,10.8,340.0,Rain,light rain
36,2007,Australian Grand Prix,-37.8497,144.968,5128770,2007-03-18 03:00:00,19.17,1.0,4.6,160.0,Clear,clear sky
37,2007,Malaysian Grand Prix,2.76083,101.738,5534930,2007-04-08 07:00:00,29.85,75.0,2.6,200.0,Clouds,broken clouds
38,2007,Bahrain Grand Prix,26.0325,50.5106,5607515,2007-04-15 11:30:00,23.58,0.0,8.0,13.0,Clear,clear sky
39,2007,Spanish Grand Prix,41.57,2.26111,5496230,2007-05-13 12:00:00,23.88,0.0,1.5,220.0,Clear,clear sky
40,2007,Monaco Grand Prix,43.7347,7.42056,6029329,2007-05-27 12:00:00,19.79,40.0,7.2,210.0,Clouds,scattered clouds
41,2007,Canadian Grand Prix,45.5,-73.5228,6251292,2007-06-10 17:00:00,25.31,0.0,3.1,220.0,Clear,clear sky
42,2007,United States Grand Prix,39.795,-86.2347,5469965,2007-06-17 17:00:00,32.82,20.0,6.2,250.0,Haze,haze
43,2007,French Grand Prix,46.8642,3.16361,5454200,2007-07-01 12:00:00,20.89,75.0,4.1,290.0,Clouds,broken clouds
44,2007,British Grand Prix,52.0786,-1.01694,4903074,2007-07-08 12:00:00,18.25,66.0,3.19,239.0,Clouds,broken clouds
45,2007,European Grand Prix,50.3356,6.9475,7586358,2007-07-22 12:00:00,17.56,40.0,6.2,270.0,Clouds,scattered clouds
46,2007,Hungarian Grand Prix,47.5789,19.2486,5752991,2007-08-05 12:00:00,26.67,0.0,4.6,30.0,Clear,clear sky
47,2007,Turkish Grand Prix,40.9517,29.405,5202161,2007-08-26 12:00:00,32.0,20.0,7.2,20.0,Clouds,few clouds
48,2007,Italian Grand Prix,45.6156,9.28111,4717806,2007-09-09 12:00:00,24.41,0.0,1.0,160.0,Clear,clear sky
49,2007,Belgian Grand Prix,50.4372,5.97139,4839066,2007-09-16 12:00:00,19.12,40.0,4.0,270.0,Clouds,scattered clouds
50,2007,Japanese Grand Prix,35.3717,138.927,7234579,2007-09-30 04:30:00,16.59,100.0,1.89,27.0,Rain,light rain
51,2007,Chinese Grand Prix,31.3389,121.22,5878395,2007-10-07 06:00:00,25.93,100.0,6.0,90.0,Rain,light intensity shower rain
52,2007,Brazilian Grand Prix,-23.7036,-46.6997,5295270,2007-10-21 16:00:00,33.59,40.0,4.6,320.0,Clouds,scattered clouds
53,2006,Bahrain Grand Prix,26.0325,50.5106,5386205,2006-03-12 14:30:00,18.78,0.0,6.97,345.0,Clear,clear sky
54,2006,Malaysian Grand Prix,2.76083,101.738,5440529,2006-03-19 15:00:00,26.09,75.0,1.5,100.0,Haze,haze
55,2006,Australian Grand Prix,-37.8497,144.968,5667870,2006-04-02 14:00:00,14.47,75.0,3.1,290.0,Clouds,broken clouds
56,2006,San Marino Grand Prix,44.3439,11.7167,5466486,2006-04-23 14:00:00,24.36,12.0,2.42,222.0,Clouds,few clouds
57,2006,European Grand Prix,50.3356,6.9475,5758765,2006-05-07 14:00:00,19.08,40.0,5.0,110.0,Clouds,scattered clouds
58,2006,Spanish Grand Prix,41.57,2.26111,5181759,2006-05-14 14:00:00,22.78,97.0,4.56,202.0,Clouds,overcast clouds
59,2006,Monaco Grand Prix,43.7347,7.42056,6223116,2006-05-28 14:00:00,20.17,0.0,3.1,100.0,Clear,clear sky
60,2006,British Grand Prix,52.0786,-1.01694,5151927,2006-06-11 12:00:00,24.42,85.0,3.5,213.0,Clouds,overcast clouds
61,2006,Canadian Grand Prix,45.5,-73.5228,5677308,2006-06-25 13:00:00,22.01,0.0,2.0,50.0,Clear,clear sky
62,2006,United States Grand Prix,39.795,-86.2347,5675199,2006-07-02 14:00:00,25.9,0.0,7.1,240.0,Clear,clear sky
63,2006,French Grand Prix,46.8642,3.16361,5527803,2006-07-16 14:00:00,33.81,0.0,1.0,320.0,Clear,clear sky
64,2006,German Grand Prix,49.3278,8.56583,5271693,2006-07-30 14:00:00,31.38,20.0,2.1,180.0,Clouds,few clouds
65,2006,Hungarian Grand Prix,47.5789,19.2486,6740941,2006-08-06 14:00:00,19.18,75.0,4.0,240.0,Clouds,broken clouds
66,2006,Turkish Grand Prix,40.9517,29.405,5331082,2006-08-27 15:00:00,31.41,0.0,3.1,230.0,Clear,clear sky
67,2006,Italian Grand Prix,45.6156,9.28111,4491975,2006-09-10 14:00:00,25.06,0.0,1.5,120.0,Clear,clear sky
68,2006,Chinese Grand Prix,31.3389,121.22,5852747,2006-10-01 14:00:00,20.36,100.0,2.0,340.0,Mist,mist
69,2006,Japanese Grand Prix,34.8431,136.541,5032413,2006-10-08 14:00:00,17.27,0.0,6.2,300.0,Clear,clear sky
70,2006,Brazilian Grand Prix,-23.7036,-46.6997,5513751,2006-10-22 14:00:00,20.22,20.0,2.1,210.0,Clouds,few clouds
71,2005,Australian Grand Prix,-37.8497,144.968,5057336,2005-03-06 14:00:00,13.62,27.0,5.9,273.0,Clouds,scattered clouds
72,2005,Malaysian Grand Prix,2.76083,101.738,5493736,2005-03-20 15:00:00,27.48,75.0,0.5,80.0,Haze,haze
73,2005,Bahrain Grand Prix,26.0325,50.5106,5358531,2005-04-03 14:30:00,26.97,7.0,5.6,151.0,Clear,clear sky
74,2005,San Marino Grand Prix,44.3439,11.7167,5261921,2005-04-24 14:00:00,17.72,100.0,0.75,50.0,Clouds,overcast clouds
75,2005,Spanish Grand Prix,41.57,2.26111,5236830,2005-05-08 14:00:00,19.62,3.0,3.68,174.0,Clear,clear sky
76,2005,Monaco Grand Prix,43.7347,7.42056,6315556,2005-05-22 14:00:00,19.01,40.0,7.2,90.0,Clouds,scattered clouds
77,2005,European Grand Prix,50.3356,6.9475,5506648,2005-05-29 14:00:00,22.67,75.0,4.0,90.0,Clouds,broken clouds
78,2005,Canadian Grand Prix,45.5,-73.5228,5529290,2005-06-12 13:00:00,25.32,20.0,3.6,230.0,Clouds,few clouds
79,2005,United States Grand Prix,39.795,-86.2347,5383181,2005-06-19 14:00:00,19.02,0.0,3.1,90.0,Clear,clear sky
80,2005,French Grand Prix,46.8642,3.16361,5482232,2005-07-03 14:00:00,30.3,30.0,2.1,70.0,Clouds,scattered clouds
81,2005,British Grand Prix,52.0786,-1.01694,5069588,2005-07-10 14:00:00,26.45,45.0,3.58,33.0,Clouds,scattered clouds
82,2005,German Grand Prix,49.3278,8.56583,5188599,2005-07-24 14:00:00,22.54,0.0,3.1,190.0,Clear,clear sky
83,2005,Hungarian Grand Prix,47.5789,19.2486,5845552,2005-07-31 14:00:00,33.85,0.0,3.6,160.0,Clear,clear sky
84,2005,Turkish Grand Prix,40.9517,29.405,5074454,2005-08-21 15:00:00,26.11,40.0,4.1,10.0,Clouds,scattered clouds
85,2005,Italian Grand Prix,45.6156,9.28111,4468659,2005-09-04 14:00:00,24.87,40.0,2.6,140.0,Clouds,scattered clouds
86,2005,Belgian Grand Prix,50.4372,5.97139,5401295,2005-09-11 14:00:00,16.53,100.0,2.0,310.0,Fog,fog
87,2005,Brazilian Grand Prix,-23.7036,-46.6997,5360574,2005-09-25 14:00:00,20.57,75.0,4.1,340.0,Rain,light rain
88,2005,Japanese Grand Prix,34.8431,136.541,5342212,2005-10-09 14:00:00,19.56,87.0,0.5,30.0,Clouds,overcast clouds
89,2005,Chinese Grand Prix,31.3389,121.22,5993618,2005-10-16 14:00:00,16.6,0.0,1.0,0.0,Clear,clear sky
337,2010,Bahrain Grand Prix,26.0325,50.5106,5960396,2010-03-14 12:00:00,25.05,0.0,2.61,68.0,Clear,clear sky
338,2010,Australian Grand Prix,-37.8497,144.968,5616531,2010-03-28 06:00:00,23.41,100.0,6.2,300.0,Rain,light rain
339,2010,Malaysian Grand Prix,2.76083,101.738,5628412,2010-04-04 08:00:00,30.33,75.0,5.1,120.0,Clouds,broken clouds
340,2010,Chinese Grand Prix,31.3389,121.22,6402163,2010-04-18 06:00:00,20.32,0.0,6.0,140.0,Rain,light rain
341,2010,Spanish Grand Prix,41.57,2.26111,5744101,2010-05-09 12:00:00,18.25,20.0,4.1,200.0,Clouds,few clouds
342,2010,Monaco Grand Prix,43.7347,7.42056,6613355,2010-05-16 12:00:00,17.99,40.0,5.7,180.0,Clouds,scattered clouds
343,2010,Turkish Grand Prix,40.9517,29.405,5327620,2010-05-30 11:00:00,26.35,17.0,2.04,276.0,Clouds,few clouds
344,2010,Canadian Grand Prix,45.5,-73.5228,5633456,2010-06-13 16:00:00,23.59,0.0,4.6,60.0,Clear,clear sky
345,2010,European Grand Prix,39.4589,-0.331667,6029571,2010-06-27 12:00:00,27.32,20.0,5.1,110.0,Clouds,few clouds
346,2010,British Grand Prix,52.0786,-1.01694,5078200,2010-07-11 12:00:00,21.75,100.0,4.23,270.0,Clouds,overcast clouds
347,2010,German Grand Prix,49.3278,8.56583,5258864,2010-07-25 12:00:00,21.03,0.0,1.5,0.0,Clear,clear sky
348,2010,Hungarian Grand Prix,47.5789,19.2486,6065571,2010-08-01 12:00:00,28.58,40.0,2.6,240.0,Clouds,scattered clouds
349,2010,Belgian Grand Prix,50.4372,5.97139,5344268,2010-08-29 12:00:00,14.57,40.0,6.0,260.0,Rain,light rain
350,2010,Italian Grand Prix,45.6156,9.28111,4584572,2010-09-12 12:00:00,22.62,20.0,1.0,130.0,Clouds,few clouds
351,2010,Singapore Grand Prix,1.2914,103.864,7073579,2010-09-26 12:00:00,29.87,75.0,1.5,230.0,Haze,haze
352,2010,Japanese Grand Prix,34.8431,136.541,5427323,2010-10-10 06:00:00,24.58,40.0,5.7,320.0,Clouds,scattered clouds
353,2010,Korean Grand Prix,34.7333,126.417,10100810,2010-10-24 05:00:00,18.7,100.0,5.38,47.0,Rain,light rain
354,2010,Brazilian Grand Prix,-23.7036,-46.6997,5591803,2010-11-07 16:00:00,25.09,0.0,2.1,140.0,Clear,clear sky
355,2010,Abu Dhabi Grand Prix,24.4672,54.6031,5976837,2010-11-14 13:00:00,29.73,20.0,5.7,330.0,Rain,light rain
841,2011,Australian Grand Prix,-37.8497,144.968,5370259,2011-03-27 06:00:00,17.29,97.0,4.1,160.0,Clouds,overcast clouds
842,2011,Malaysian Grand Prix,2.76083,101.738,5859832,2011-04-10 08:00:00,28.06,75.0,1.0,220.0,Rain,light rain
843,2011,Chinese Grand Prix,31.3389,121.22,5818226,2011-04-17 07:00:00,21.18,0.0,3.0,190.0,Clear,clear sky
844,2011,Turkish Grand Prix,40.9517,29.405,5417558,2011-05-08 12:00:00,15.79,40.0,7.2,20.0,Clouds,scattered clouds
845,2011,Spanish Grand Prix,41.57,2.26111,5943301,2011-05-22 12:00:00,24.93,20.0,4.1,130.0,Clouds,few clouds
846,2011,Monaco Grand Prix,43.7347,7.42056,7778373,2011-05-29 12:00:00,20.33,20.0,2.6,110.0,Clouds,few clouds
847,2011,Canadian Grand Prix,45.5,-73.5228,14679537,2011-06-12 17:00:00,17.59,100.0,4.1,150.0,Rain,light rain
848,2011,European Grand Prix,39.4589,-0.331667,5976169,2011-06-26 12:00:00,29.47,0.0,5.1,110.0,Clear,clear sky
849,2011,British Grand Prix,52.0786,-1.01694,5321196,2011-07-10 12:00:00,19.13,40.0,0.92,257.0,Clouds,scattered clouds
850,2011,German Grand Prix,50.3356,6.9475,5850334,2011-07-24 12:00:00,11.92,100.0,5.1,230.0,Rain,light rain
851,2011,Hungarian Grand Prix,47.5789,19.2486,6402337,2011-07-31 12:00:00,18.32,75.0,5.7,270.0,Rain,light rain
852,2011,Belgian Grand Prix,50.4372,5.97139,5204893,2011-08-28 12:00:00,14.14,40.0,7.0,240.0,Clouds,scattered clouds
853,2011,Italian Grand Prix,45.6156,9.28111,4846172,2011-09-11 12:00:00,26.54,0.0,1.5,80.0,Clear,clear sky
854,2011,Singapore Grand Prix,1.2914,103.864,7146757,2011-09-25 12:00:00,30.01,75.0,2.6,210.0,Haze,haze
855,2011,Japanese Grand Prix,34.8431,136.541,5453427,2011-10-09 06:00:00,22.71,83.0,2.1,130.0,Clouds,broken clouds
856,2011,Korean Grand Prix,34.7333,126.417,5881994,2011-10-16 06:00:00,19.01,75.0,4.1,290.0,Rain,light intensity shower rain
857,2011,Indian Grand Prix,28.3487,77.5331,5435002,2011-10-30 09:30:00,27.03,0.0,2.5,275.0,Clear,clear sky
858,2011,Abu Dhabi Grand Prix,24.4672,54.6031,5831886,2011-11-13 13:00:00,27.36,0.0,3.6,330.0,Clear,clear sky
859,2011,Brazilian Grand Prix,-23.7036,-46.6997,5537464,2011-11-27 16:00:00,23.37,75.0,4.6,170.0,Rain,moderate rain
860,2012,Australian Grand Prix,-37.8497,144.968,5649565,2012-03-18 06:00:00,20.24,0.0,4.6,150.0,Clear,clear sky
861,2012,Malaysian Grand Prix,2.76083,101.738,9891812,2012-03-25 08:00:00,28.81,75.0,7.2,40.0,Thunderstorm,thunderstorm
862,2012,Chinese Grand Prix,31.3389,121.22,5786929,2012-04-15 07:00:00,20.4,0.0,1.0,0.0,Clear,clear sky
863,2012,Bahrain Grand Prix,26.0325,50.5106,5710990,2012-04-22 12:00:00,24.16,17.0,3.37,19.0,Clouds,few clouds
864,2012,Spanish Grand Prix,41.57,2.26111,5949145,2012-05-13 12:00:00,23.2,40.0,4.1,120.0,Clouds,scattered clouds
865,2012,Monaco Grand Prix,43.7347,7.42056,6366557,2012-05-27 12:00:00,19.5,75.0,3.1,130.0,Clouds,broken clouds
866,2012,Canadian Grand Prix,45.5,-73.5228,5549586,2012-06-10 18:00:00,25.97,0.0,3.09,100.0,Clear,clear sky
867,2012,European Grand Prix,39.4589,-0.331667,6256649,2012-06-24 12:00:00,28.16,0.0,6.7,110.0,Clear,clear sky
868,2012,British Grand Prix,52.0786,-1.01694,5111288,2012-07-08 12:00:00,16.88,78.0,2.75,337.0,Rain,light rain
869,2012,German Grand Prix,49.3278,8.56583,5465862,2012-07-22 12:00:00,19.12,40.0,2.6,0.0,Clouds,scattered clouds
870,2012,Hungarian Grand Prix,47.5789,19.2486,6065503,2012-07-29 12:00:00,29.46,0.0,3.6,80.0,Clear,clear sky
871,2012,Belgian Grand Prix,50.4372,5.97139,5348530,2012-09-02 12:00:00,18.67,0.0,3.0,300.0,Clear,clear sky
872,2012,Italian Grand Prix,45.6156,9.28111,4781221,2012-09-09 12:00:00,27.02,0.0,2.06,230.0,Clear,clear sky
873,2012,Singapore Grand Prix,1.2914,103.864,7226144,2012-09-23 12:00:00,29.93,75.0,1.54,230.0,Haze,haze
874,2012,Japanese Grand Prix,34.8431,136.541,5336242,2012-10-07 06:00:00,24.8,20.0,5.1,310.0,Clouds,few clouds
875,2012,Korean Grand Prix,34.7333,126.417,5788651,2012-10-14 06:00:00,21.25,40.0,3.1,340.0,Clouds,scattered clouds
876,2012,Indian Grand Prix,28.3487,77.5331,5470744,2012-10-28 09:30:00,26.39,0.0,2.31,330.0,Clear,clear sky
877,2012,Abu Dhabi Grand Prix,24.4672,54.6031,6358667,2012-11-04 13:00:00,30.14,0.0,7.2,340.0,Clear,clear sky
878,2012,United States Grand Prix,30.1328,-97.6411,5755269,2012-11-18 19:00:00,21.23,40.0,6.2,150.0,Clouds,scattered clouds
879,2012,Brazilian Grand Prix,-23.7036,-46.6997,6322656,2012-11-25 16:00:00,20.44,100.0,6.2,180.0,Rain,light rain
880,2013,Australian Grand Prix,-37.8497,144.968,5403225,2013-03-17 06:00:00,16.81,91.0,7.2,190.0,Clouds,overcast clouds
881,2013,Malaysian Grand Prix,2.76083,101.738,5936681,2013-03-24 08:00:00,29.29,75.0,5.14,50.0,Thunderstorm,thunderstorm
882,2013,Chinese Grand Prix,31.3389,121.22,5786945,2013-04-14 07:00:00,26.57,0.0,7.0,330.0,Clear,clear sky
883,2013,Bahrain Grand Prix,26.0325,50.5106,5760498,2013-04-21 12:00:00,24.76,0.0,10.5,360.0,Clear,clear sky
884,2013,Spanish Grand Prix,41.57,2.26111,5956596,2013-05-12 12:00:00,20.9,20.0,6.2,120.0,Clouds,few clouds
885,2013,Monaco Grand Prix,43.7347,7.42056,8272056,2013-05-26 12:00:00,18.32,20.0,4.12,160.0,Clouds,few clouds
886,2013,Canadian Grand Prix,45.5,-73.5228,5529143,2013-06-09 18:00:00,22.68,40.0,7.72,300.0,Clouds,scattered clouds
887,2013,British Grand Prix,52.0786,-1.01694,5579456,2013-06-30 12:00:00,21.22,25.0,6.23,246.0,Clouds,scattered clouds
888,2013,German Grand Prix,50.3356,6.9475,6074711,2013-07-07 12:00:00,23.0,1.0,3.98,53.0,Clear,clear sky
890,2013,Hungarian Grand Prix,47.5789,19.2486,6149445,2013-07-28 12:00:00,34.46,0.0,5.14,200.0,Clear,clear sky
891,2013,Belgian Grand Prix,50.4372,5.97139,5022196,2013-08-25 12:00:00,16.76,100.0,2.0,330.0,Rain,light rain
892,2013,Italian Grand Prix,45.6156,9.28111,4713352,2013-09-08 12:00:00,24.04,75.0,3.6,120.0,Rain,light rain
893,2013,Singapore Grand Prix,1.2914,103.864,7153132,2013-09-22 12:00:00,29.01,75.0,4.12,190.0,Clouds,broken clouds
894,2013,Korean Grand Prix,34.7333,126.417,6193701,2013-10-06 06:00:00,24.02,20.0,1.5,90.0,Clouds,few clouds
895,2013,Japanese Grand Prix,34.8431,136.541,5209301,2013-10-13 06:00:00,24.43,0.0,6.7,320.0,Clear,clear sky
896,2013,Indian Grand Prix,28.3487,77.5331,5472187,2013-10-27 09:30:00,27.38,18.0,3.44,322.0,Clouds,few clouds
897,2013,Abu Dhabi Grand Prix,24.4672,54.6031,5886106,2013-11-03 13:00:00,33.14,0.0,4.63,340.0,Clear,clear sky
898,2013,United States Grand Prix,30.1328,-97.6411,5957148,2013-11-17 19:00:00,29.01,20.0,5.14,170.0,Clouds,few clouds
899,2013,Brazilian Grand Prix,-23.7036,-46.6997,5556300,2013-11-24 16:00:00,20.9,100.0,5.14,150.0,Rain,moderate rain
900,2014,Australian Grand Prix,-37.8497,144.968,5578710,2014-03-16 06:00:00,18.29,100.0,10.3,270.0,Rain,light rain
901,2014,Malaysian Grand Prix,2.76083,101.738,6025974,2014-03-30 08:00:00,31.6,75.0,4.63,190.0,Clouds,broken clouds
902,2014,Bahrain Grand Prix,26.0325,50.5106,5982743,2014-04-06 15:00:00,22.28,0.0,5.87,2.0,Clear,clear sky
903,2014,Chinese Grand Prix,31.3389,121.22,5608338,2014-04-20 07:00:00,17.57,75.0,3.0,40.0,Clouds,broken clouds
904,2014,Spanish Grand Prix,41.57,2.26111,6065155,2014-05-11 12:00:00,23.46,40.0,7.2,130.0,Clouds,scattered clouds
905,2014,Monaco Grand Prix,43.7347,7.42056,6567661,2014-05-25 12:00:00,16.63,75.0,2.1,170.0,Clouds,broken clouds
906,2014,Canadian Grand Prix,45.5,-73.5228,5952830,2014-06-08 18:00:00,27.18,0.0,5.14,250.0,Clear,clear sky
907,2014,Austrian Grand Prix,47.2197,14.7647,5274976,2014-06-22 12:00:00,24.99,20.0,2.0,0.0,Clouds,few clouds
908,2014,British Grand Prix,52.0786,-1.01694,8812094,2014-07-06 12:00:00,18.17,99.0,3.77,263.0,Clouds,overcast clouds
909,2014,German Grand Prix,49.3278,8.56583,5622914,2014-07-20 12:00:00,25.95,0.0,4.12,190.0,Clear,clear sky
910,2014,Hungarian Grand Prix,47.5789,19.2486,6785058,2014-07-27 12:00:00,22.37,75.0,2.0,50.0,Rain,light rain
911,2014,Belgian Grand Prix,50.4372,5.97139,5076556,2014-08-24 12:00:00,14.22,40.0,4.0,270.0,Clouds,scattered clouds
912,2014,Italian Grand Prix,45.6156,9.28111,4750236,2014-09-07 12:00:00,24.78,0.0,2.1,150.0,Clear,clear sky
913,2014,Singapore Grand Prix,1.2914,103.864,7204795,2014-09-21 12:00:00,29.93,75.0,3.6,210.0,Haze,haze
914,2014,Japanese Grand Prix,34.8431,136.541,6703021,2014-10-05 06:00:00,20.94,100.0,2.1,360.0,Rain,light intensity shower rain
915,2014,Russian Grand Prix,43.4057,39.9578,5510744,2014-10-12 11:00:00,21.46,20.0,3.0,250.0,Clouds,few clouds
916,2014,United States Grand Prix,30.1328,-97.6411,6004785,2014-11-02 20:00:00,22.98,75.0,6.7,150.0,Clouds,broken clouds
917,2014,Brazilian Grand Prix,-23.7036,-46.6997,5402555,2014-11-09 16:00:00,24.51,75.0,5.7,150.0,Rain,light rain
918,2014,Abu Dhabi Grand Prix,24.4672,54.6031,5942619,2014-11-23 13:00:00,27.14,0.0,3.1,330.0,Clear,clear sky
926,2015,Australian Grand Prix,-37.8497,144.968,5514067,2015-03-15 05:00:00,17.84,0.0,8.2,210.0,Clear,clear sky
927,2015,Malaysian Grand Prix,2.76083,101.738,6065793,2015-03-29 07:00:00,30.43,75.0,1.5,120.0,Clouds,broken clouds
928,2015,Chinese Grand Prix,31.3389,121.22,5982008,2015-04-12 06:00:00,20.2,6.0,2.98,166.0,Clear,clear sky
929,2015,Bahrain Grand Prix,26.0325,50.5106,5705809,2015-04-19 15:00:00,24.19,0.0,7.24,352.0,Clear,clear sky
930,2015,Spanish Grand Prix,41.57,2.26111,6072555,2015-05-10 12:00:00,25.26,0.0,4.1,260.0,Clear,clear sky
931,2015,Monaco Grand Prix,43.7347,7.42056,6558420,2015-05-24 12:00:00,17.52,40.0,3.6,140.0,Clouds,scattered clouds
932,2015,Canadian Grand Prix,45.5,-73.5228,5513145,2015-06-07 18:00:00,20.74,100.0,5.7,160.0,Clouds,overcast clouds
933,2015,Austrian Grand Prix,47.2197,14.7647,5416930,2015-06-21 12:00:00,14.66,40.0,2.0,0.0,Clouds,scattered clouds
934,2015,British Grand Prix,52.0786,-1.01694,5487729,2015-07-05 12:00:00,19.25,71.0,3.99,235.0,Clouds,broken clouds
936,2015,Hungarian Grand Prix,47.5789,19.2486,6369985,2015-07-26 12:00:00,24.39,0.0,6.7,290.0,Clear,clear sky
937,2015,Belgian Grand Prix,50.4372,5.97139,5020387,2015-08-23 12:00:00,24.43,0.0,8.0,150.0,Clear,clear sky
938,2015,Italian Grand Prix,45.6156,9.28111,4680688,2015-09-06 12:00:00,21.74,19.0,1.0,80.0,Clouds,few clouds
939,2015,Singapore Grand Prix,1.2914,103.864,7282118,2015-09-20 12:00:00,30.87,75.0,3.1,40.0,Clouds,broken clouds
940,2015,Japanese Grand Prix,34.8431,136.541,5286508,2015-09-27 05:00:00,27.32,2.0,4.1,290.0,Clear,clear sky
941,2015,Russian Grand Prix,43.4057,39.9578,5831024,2015-10-11 11:00:00,17.19,0.0,3.0,160.0,Clear,clear sky
942,2015,United States Grand Prix,30.1328,-97.6411,6652703,2015-10-25 19:00:00,18.41,100.0,7.2,340.0,Rain,light rain
943,2015,Mexican Grand Prix,19.4042,-99.0907,6155038,2015-11-01 19:00:00,21.82,40.0,1.5,0.0,Clouds,scattered clouds
944,2015,Brazilian Grand Prix,-23.7036,-46.6997,5469090,2015-11-15 16:00:00,25.85,75.0,2.1,0.0,Clouds,broken clouds
945,2015,Abu Dhabi Grand Prix,24.4672,54.6031,5910175,2015-11-29 13:00:00,27.54,20.0,6.2,310.0,Clouds,few clouds
948,2016,Australian Grand Prix,-37.8497,144.968,6495565,2016-03-20 05:00:00,22.21,0.0,6.2,150.0,Clear,clear sky
949,2016,Bahrain Grand Prix,26.0325,50.5106,5614696,2016-04-03 15:00:00,21.38,7.0,3.71,77.0,Clear,clear sky
950,2016,Chinese Grand Prix,31.3389,121.22,5933891,2016-04-17 06:00:00,21.41,0.0,3.0,90.0,Clear,clear sky
951,2016,Russian Grand Prix,43.4057,39.9578,5561997,2016-05-01 12:00:00,17.14,40.0,3.6,180.0,Clouds,scattered clouds
952,2016,Spanish Grand Prix,41.57,2.26111,6100017,2016-05-15 12:00:00,23.4,40.0,5.7,120.0,Clouds,scattered clouds
953,2016,Monaco Grand Prix,43.7347,7.42056,7169133,2016-05-29 12:00:00,17.59,75.0,4.63,200.0,Rain,light rain
954,2016,Canadian Grand Prix,45.5,-73.5228,5465296,2016-06-12 18:00:00,12.14,100.0,7.2,290.0,Clouds,overcast clouds
955,2016,European Grand Prix,40.3725,49.8533,5572366,2016-06-19 13:00:00,26.97,0.0,5.7,350.0,Clear,clear sky
956,2016,Austrian Grand Prix,47.2197,14.7647,5258107,2016-07-03 12:00:00,15.58,75.0,1.03,0.0,Clouds,broken clouds
957,2016,British Grand Prix,52.0786,-1.01694,5695831,2016-07-10 12:00:00,19.84,32.0,6.78,216.0,Clouds,scattered clouds
958,2016,Hungarian Grand Prix,47.5789,19.2486,6030115,2016-07-24 12:00:00,28.46,0.0,3.6,120.0,Clear,clear sky
959,2016,German Grand Prix,49.3278,8.56583,5444200,2016-07-31 12:00:00,24.53,0.0,3.1,290.0,Clear,clear sky
960,2016,Belgian Grand Prix,50.4372,5.97139,6291058,2016-08-28 12:00:00,24.9,20.0,5.0,270.0,Clouds,few clouds
961,2016,Italian Grand Prix,45.6156,9.28111,4648089,2016-09-04 12:00:00,31.38,0.0,2.06,0.0,Clear,clear sky
962,2016,Singapore Grand Prix,1.2914,103.864,6948950,2016-09-18 12:00:00,31.11,75.0,2.1,270.0,Rain,light rain
963,2016,Malaysian Grand Prix,2.76083,101.738,5832776,2016-10-02 07:00:00,33.76,75.0,5.14,300.0,Clouds,broken clouds
964,2016,Japanese Grand Prix,34.8431,136.541,5203333,2016-10-09 05:00:00,22.16,95.0,6.7,330.0,Clouds,overcast clouds
965,2016,United States Grand Prix,30.1328,-97.6411,5892618,2016-10-23 19:00:00,26.81,75.0,5.7,170.0,Clouds,broken clouds
966,2016,Mexican Grand Prix,19.4042,-99.0907,6031402,2016-10-30 19:00:00,19.77,75.0,2.6,90.0,Clouds,broken clouds
967,2016,Brazilian Grand Prix,-23.7036,-46.6997,10861335,2016-11-13 16:00:00,18.74,100.0,4.12,160.0,Rain,light rain
968,2016,Abu Dhabi Grand Prix,24.4672,54.6031,5884013,2016-11-27 13:00:00,27.14,0.0,5.14,340.0,Clear,clear sky
969,2017,Australian Grand Prix,-37.8497,144.968,5051672,2017-03-26 05:00:00,25.03,0.0,5.7,200.0,Clear,clear sky
970,2017,Chinese Grand Prix,31.3389,121.22,5856158,2017-04-09 06:00:00,13.05,100.0,6.0,40.0,Mist,mist
971,2017,Bahrain Grand Prix,26.0325,50.5106,5633374,2017-04-16 15:00:00,24.52,0.0,10.62,336.0,Clear,clear sky
972,2017,Russian Grand Prix,43.4057,39.9578,5288743,2017-04-30 12:00:00,19.88,20.0,4.0,270.0,Clouds,few clouds
973,2017,Spanish Grand Prix,41.57,2.26111,5756497,2017-05-14 12:00:00,24.22,20.0,5.7,120.0,Clouds,few clouds
974,2017,Monaco Grand Prix,43.7347,7.42056,6284340,2017-05-28 12:00:00,21.99,20.0,3.1,110.0,Clouds,few clouds
975,2017,Canadian Grand Prix,45.5,-73.5228,5585154,2017-06-11 18:00:00,28.2,100.0,9.8,230.0,Clouds,overcast clouds
976,2017,Azerbaijan Grand Prix,40.3725,49.8533,7435573,2017-06-25 13:00:00,26.03,20.0,5.7,350.0,Clouds,few clouds
977,2017,Austrian Grand Prix,47.2197,14.7647,4908523,2017-07-09 12:00:00,27.19,40.0,5.14,80.0,Clouds,scattered clouds
978,2017,British Grand Prix,52.0786,-1.01694,4887430,2017-07-16 12:00:00,20.87,92.0,5.11,258.0,Clouds,overcast clouds
979,2017,Hungarian Grand Prix,47.5789,19.2486,5986713,2017-07-30 12:00:00,29.46,0.0,3.1,150.0,Clear,clear sky
980,2017,Belgian Grand Prix,50.4372,5.97139,5082820,2017-08-27 12:00:00,22.24,40.0,2.06,10.0,Clouds,scattered clouds
981,2017,Italian Grand Prix,45.6156,9.28111,4532312,2017-09-03 12:00:00,22.51,0.0,1.03,0.0,Clear,clear sky
982,2017,Singapore Grand Prix,1.2914,103.864,7403544,2017-09-17 12:00:00,27.93,40.0,4.12,170.0,Thunderstorm,thunderstorm with rain
983,2017,Malaysian Grand Prix,2.76083,101.738,5401290,2017-10-01 07:00:00,30.62,75.0,3.1,320.0,Clouds,broken clouds
984,2017,Japanese Grand Prix,34.8431,136.541,5251194,2017-10-08 05:00:00,25.92,43.0,1.5,160.0,Clouds,scattered clouds
985,2017,United States Grand Prix,30.1328,-97.6411,5630991,2017-10-22 19:00:00,23.48,20.0,5.7,360.0,Clouds,few clouds
986,2017,Mexican Grand Prix,19.4042,-99.0907,5786552,2017-10-29 19:00:00,20.93,75.0,2.1,30.0,Clouds,broken clouds
987,2017,Brazilian Grand Prix,-23.7036,-46.6997,5486262,2017-11-12 16:00:00,27.02,0.0,2.6,280.0,Clear,clear sky
988,2017,Abu Dhabi Grand Prix,24.4672,54.6031,5654062,2017-11-26 13:00:00,25.14,40.0,5.7,330.0,Clouds,scattered clouds
989,2018,Australian Grand Prix,-37.8497,144.968,5373283,2018-03-25 05:10:00,24.89,75.0,10.29,340.0,Clouds,broken clouds
990,2018,Bahrain Grand Prix,26.0325,50.5106,5521940,2018-04-08 15:10:00,24.17,18.0,5.99,44.0,Clouds,few clouds
991,2018,Chinese Grand Prix,31.3389,121.22,5736380,2018-04-15 06:10:00,19.71,0.0,3.0,360.0,Clear,clear sky
992,2018,Azerbaijan Grand Prix,40.3725,49.8533,6224291,2018-04-29 12:10:00,12.91,0.0,13.9,340.0,Clear,clear sky
993,2018,Spanish Grand Prix,41.57,2.26111,5729972,2018-05-13 13:10:00,15.76,40.0,4.12,120.0,Clouds,scattered clouds
994,2018,Monaco Grand Prix,43.7347,7.42056,6174807,2018-05-27 13:10:00,21.58,0.0,5.14,120.0,Clear,clear sky
995,2018,Canadian Grand Prix,45.5,-73.5228,5311377,2018-06-10 18:10:00,19.37,75.0,2.6,30.0,Clouds,broken clouds
996,2018,French Grand Prix,43.2506,5.79167,5411385,2018-06-24 14:10:00,23.83,93.0,1.14,239.0,Rain,light rain
997,2018,Austrian Grand Prix,47.2197,14.7647,4916024,2018-07-01 13:10:00,21.19,20.0,4.12,90.0,Clouds,few clouds
998,2018,British Grand Prix,52.0786,-1.01694,5249784,2018-07-08 13:10:00,28.13,6.0,3.37,341.0,Clear,clear sky
999,2018,German Grand Prix,49.3278,8.56583,5549845,2018-07-22 13:10:00,25.04,40.0,3.1,310.0,Clouds,scattered clouds
1000,2018,Hungarian Grand Prix,47.5789,19.2486,5836427,2018-07-29 13:10:00,31.46,0.0,2.6,270.0,Clear,clear sky
1001,2018,Belgian Grand Prix,50.4372,5.97139,5014476,2018-08-26 13:10:00,16.78,100.0,4.0,190.0,Clouds,overcast clouds
1002,2018,Italian Grand Prix,45.6156,9.28111,4614484,2018-09-02 13:10:00,20.37,40.0,4.12,130.0,Clouds,scattered clouds
1003,2018,Singapore Grand Prix,1.2914,103.864,6671611,2018-09-16 12:10:00,29.01,75.0,3.1,170.0,Clouds,broken clouds
1004,2018,Russian Grand Prix,43.4057,39.9578,5245181,2018-09-30 11:10:00,22.41,100.0,2.0,10.0,Clouds,overcast clouds
1005,2018,Japanese Grand Prix,34.8431,136.541,5237062,2018-10-07 05:10:00,27.05,24.0,5.1,310.0,Clouds,few clouds
1006,2018,United States Grand Prix,30.1328,-97.6411,5658643,2018-10-21 18:10:00,20.92,38.0,3.1,0.0,Clouds,scattered clouds
1007,2018,Mexican Grand Prix,19.4042,-99.0907,5908851,2018-10-28 19:10:00,19.08,75.0,1.54,190.0,Clouds,broken clouds
1008,2018,Brazilian Grand Prix,-23.7036,-46.6997,5229066,2018-11-11 17:10:00,25.44,75.0,6.7,170.0,Rain,light rain
1009,2018,Abu Dhabi Grand Prix,24.4672,54.6031,5980382,2018-11-25 13:10:00,33.14,40.0,5.14,200.0,Clouds,scattered clouds
1010,2019,Australian Grand Prix,-37.8497,144.968,5127325,2019-03-17 05:10:00,25.03,0.0,6.2,170.0,Clear,clear sky
1011,2019,Bahrain Grand Prix,26.0325,50.5106,5661295,2019-03-31 15:10:00,24.57,90.0,11.57,98.0,Clouds,overcast clouds
1012,2019,Chinese Grand Prix,31.3389,121.22,5526350,2019-04-14 06:10:00,21.63,0.0,7.0,30.0,Rain,heavy intensity rain
1013,2019,Azerbaijan Grand Prix,40.3725,49.8533,5512942,2019-04-28 12:10:00,15.77,0.0,8.8,170.0,Clear,clear sky
1014,2019,Spanish Grand Prix,41.57,2.26111,5750443,2019-05-12 13:10:00,18.97,20.0,5.7,120.0,Clouds,few clouds
1015,2019,Monaco Grand Prix,43.7347,7.42056,6208437,2019-05-26 13:10:00,18.88,75.0,3.1,230.0,Rain,light rain
1016,2019,Canadian Grand Prix,45.5,-73.5228,5347084,2019-06-09 18:10:00,28.69,0.0,5.14,210.0,Clear,clear sky
1017,2019,French Grand Prix,43.2506,5.79167,5071198,2019-06-23 13:10:00,26.3,45.0,2.97,233.0,Clouds,scattered clouds
1018,2019,Austrian Grand Prix,47.2197,14.7647,4921822,2019-06-30 13:10:00,32.23,20.0,4.6,190.0,Clouds,few clouds
1019,2019,British Grand Prix,52.0786,-1.01694,4868452,2019-07-14 13:10:00,19.55,100.0,2.48,44.0,Clouds,overcast clouds
1020,2019,German Grand Prix,49.3278,8.56583,6271275,2019-07-28 13:10:00,21.63,75.0,3.6,260.0,Thunderstorm,thunderstorm
1021,2019,Hungarian Grand Prix,47.5789,19.2486,5703796,2019-08-04 13:10:00,24.95,0.0,3.6,230.0,Clear,clear sky
1022,2019,Belgian Grand Prix,50.4372,5.97139,5025710,2019-09-01 13:10:00,17.27,40.0,3.0,330.0,Clouds,scattered clouds
1023,2019,Italian Grand Prix,45.6156,9.28111,4526665,2019-09-08 13:10:00,19.64,29.0,0.89,96.0,Clouds,scattered clouds
1024,2019,Singapore Grand Prix,1.2914,103.864,7113667,2019-09-22 12:10:00,29.95,75.0,6.2,150.0,Haze,haze
1025,2019,Russian Grand Prix,43.4057,39.9578,5618992,2019-09-29 11:10:00,22.02,40.0,4.02,210.0,Clouds,scattered clouds
1026,2019,Japanese Grand Prix,34.8431,136.541,4906755,2019-10-13 05:10:00,23.61,0.0,8.2,300.0,Clear,clear sky
1027,2019,Mexican Grand Prix,19.4042,-99.0907,5808904,2019-10-27 19:10:00,22.77,75.0,3.1,80.0,Rain,light rain
1028,2019,United States Grand Prix,30.1328,-97.6411,5635653,2019-11-03 19:10:00,22.07,20.0,4.6,170.0,Clouds,few clouds
1029,2019,Brazilian Grand Prix,-23.7036,-46.6997,5594678,2019-11-17 17:10:00,20.11,40.0,7.2,170.0,Clouds,scattered clouds
1030,2019,Abu Dhabi Grand Prix,24.4672,54.6031,5645715,2019-12-01 13:10:00,27.14,0.0,4.6,330.0,Clear,clear sky
1031,2020,Austrian Grand Prix,47.2197,14.7647,5455739,2020-07-05 13:10:00,26.49,20.0,3.1,80.0,Clouds,few clouds
1032,2020,Styrian Grand Prix,47.2197,14.7647,4970683,2020-07-12 13:10:00,19.55,40.0,2.6,110.0,Clouds,scattered clouds
1033,2020,Hungarian Grand Prix,47.5789,19.2486,5772473,2020-07-19 13:10:00,20.69,40.0,2.6,30.0,Rain,light rain
1034,2020,British Grand Prix,52.0786,-1.01694,5281283,2020-08-02 13:10:00,21.39,39.0,0.45,315.0,Clouds,scattered clouds
1035,2020,70th Anniversary Grand Prix,52.0786,-1.01694,4781993,2020-08-09 13:10:00,25.78,14.0,0.89,46.0,Clouds,few clouds
1036,2020,Spanish Grand Prix,41.57,2.26111,5505279,2020-08-16 13:10:00,27.68,40.0,6.2,120.0,Clouds,scattered clouds
1037,2020,Belgian Grand Prix,50.4372,5.97139,5048761,2020-08-30 13:10:00,17.37,40.0,3.6,320.0,Clouds,scattered clouds
1038,2020,Italian Grand Prix,45.6156,9.28111,6426056,2020-09-06 13:10:00,27.12,20.0,2.1,110.0,Clouds,few clouds
1039,2020,Tuscan Grand Prix,43.9975,11.3719,8375060,2020-09-13 13:10:00,29.9,0.0,3.29,30.0,Clear,clear sky
1040,2020,Russian Grand Prix,43.4057,39.9578,5640364,2020-09-27 11:10:00,29.1,20.0,5.0,170.0,Clouds,few clouds
1041,2020,Eifel Grand Prix,50.3356,6.9475,5749641,2020-10-11 13:10:00,9.58,45.0,3.1,290.0,Clouds,scattered clouds
1042,2020,Portuguese Grand Prix,37.227,-8.6267,5396828,2020-10-25 12:10:00,19.06,87.0,7.86,239.0,Clouds,overcast clouds
1043,2020,Emilia Romagna Grand Prix,44.3439,11.7167,5312430,2020-11-01 12:10:00,17.2,100.0,1.83,261.0,Clouds,overcast clouds
1044,2020,Turkish Grand Prix,40.9517,29.405,6139313,2020-11-15 10:10:00,13.45,75.0,2.1,70.0,Clouds,broken clouds
1045,2020,Bahrain Grand Prix,26.0325,50.5106,10787515,2020-11-29 14:10:00,24.3,14.0,0.45,37.0,Clouds,few clouds
1046,2020,Sakhir Grand Prix,26.0325,50.5106,5475114,2020-12-06 17:10:00,21.68,29.0,2.68,24.0,Clouds,scattered clouds
1047,2020,Abu Dhabi Grand Prix,24.4672,54.6031,5788645,2020-12-13 13:10:00,23.14,20.0,5.1,330.0,Clouds,few clouds
1051,2021,Qatar Grand Prix,25.49,51.4542,5068471,2021-11-21 14:00:00,27.18,0.0,4.92,112.0,Clear,clear sky
1052,2021,Bahrain Grand Prix,26.0325,50.5106,5523897,2021-03-28 15:00:00,20.6,0.0,11.4,337.0,Clear,clear sky
1053,2021,Emilia Romagna Grand Prix,44.3439,11.7167,7354598,2021-04-18 13:00:00,13.61,99.0,3.14,47.0,Rain,light rain
1054,2021,Portuguese Grand Prix,37.227,-8.6267,5671421,2021-05-02 14:00:00,17.82,95.0,5.96,314.0,Clouds,overcast clouds
1055,2021,Spanish Grand Prix,41.57,2.26111,5587680,2021-05-09 13:00:00,21.29,20.0,2.6,160.0,Clouds,few clouds
1056,2021,Monaco Grand Prix,43.7347,7.42056,5936820,2021-05-23 13:00:00,20.68,75.0,10.29,90.0,Clouds,broken clouds
1057,2021,Azerbaijan Grand Prix,40.3725,49.8533,8016410,2021-06-06 12:00:00,20.17,20.0,7.2,20.0,Clouds,few clouds
1058,2021,Styrian Grand Prix,47.2197,14.7647,4938925,2021-06-27 13:00:00,26.1,75.0,2.57,260.0,Clouds,broken clouds
1059,2021,French Grand Prix,43.2506,5.79167,5245770,2021-06-20 13:00:00,25.91,82.0,1.34,55.0,Clouds,broken clouds
1060,2021,Austrian Grand Prix,47.2197,14.7647,5034543,2021-07-04 13:00:00,20.92,75.0,2.06,60.0,Clouds,broken clouds
1061,2021,British Grand Prix,52.0786,-1.01694,7103284,2021-07-18 14:00:00,29.63,1.0,1.79,176.0,Clear,clear sky
1062,2021,Hungarian Grand Prix,47.5789,19.2486,7483199,2021-08-01 13:00:00,27.48,20.0,1.03,0.0,Rain,light intensity shower rain
1063,2021,Belgian Grand Prix,50.4372,5.97139,207071,2021-08-29 13:00:00,13.44,100.0,4.63,330.0,Drizzle,drizzle
1064,2021,Dutch Grand Prix,52.3888,4.54092,5405395,2021-09-05 13:00:00,21.65,0.0,3.6,70.0,Clear,clear sky
1065,2021,Italian Grand Prix,45.6156,9.28111,4914365,2021-09-12 13:00:00,29.37,0.0,2.06,0.0,Clear,clear sky
1066,2021,Russian Grand Prix,43.4057,39.9578,5441001,2021-09-26 12:00:00,17.99,100.0,3.0,140.0,Rain,light rain
1067,2021,Turkish Grand Prix,40.9517,29.405,5464103,2021-10-10 12:00:00,17.87,75.0,7.2,30.0,Clouds,broken clouds
1069,2021,United States Grand Prix,30.1328,-97.6411,5676552,2021-10-24 19:00:00,29.0,20.0,4.12,180.0,Clouds,few clouds
1070,2021,Mexico City Grand Prix,19.4042,-99.0907,5919086,2021-11-07 19:00:00,20.56,69.0,2.68,310.0,Clouds,broken clouds
1071,2021,SÃ£o Paulo Grand Prix,-23.7036,-46.6997,5542851,2021-11-14 17:00:00,23.55,20.0,6.17,170.0,Clouds,few clouds
1072,2021,Saudi Arabian Grand Prix,21.6319,39.1044,7575118,2021-12-05 17:30:00,27.68,0.0,2.06,260.0,Clear,clear sky
1073,2021,Abu Dhabi Grand Prix,24.4672,54.6031,5417345,2021-12-12 13:00:00,25.09,40.0,5.14,300.0,Clouds,scattered clouds
1074,2022,Bahrain Grand Prix,26.0325,50.5106,5853584,2022-03-20 15:00:00,20.38,0.0,5.69,355.0,Clear,clear sky
1075,2022,Saudi Arabian Grand Prix,21.6319,39.1044,5059293,2022-03-27 17:00:00,25.53,0.0,7.2,320.0,Clear,clear sky
1076,2022,Australian Grand Prix,-37.8497,144.968,5266548,2022-04-10 05:00:00,27.23,20.0,6.17,330.0,Clouds,few clouds
1077,2022,Emilia Romagna Grand Prix,44.3439,11.7167,5527986,2022-04-24 13:00:00,13.81,100.0,2.93,220.0,Rain,light rain
1078,2022,Miami Grand Prix,25.9581,-80.2389,5664258,2022-05-08 19:30:00,30.99,75.0,7.72,110.0,Rain,light rain
1079,2022,Spanish Grand Prix,41.57,2.26111,5840475,2022-05-22 13:00:00,34.9,0.0,5.14,210.0,Clear,clear sky
1080,2022,Monaco Grand Prix,43.7347,7.42056,6990265,2022-05-29 13:00:00,20.71,75.0,9.26,210.0,Clouds,broken clouds
1081,2022,Azerbaijan Grand Prix,40.3725,49.8533,5645941,2022-06-12 11:00:00,26.55,0.0,6.17,170.0,Clear,clear sky
1082,2022,Canadian Grand Prix,45.5,-73.5228,5781757,2022-06-19 18:00:00,19.81,0.0,9.26,330.0,Clear,clear sky
1083,2022,British Grand Prix,52.0786,-1.01694,8270311,2022-07-03 14:00:00,18.92,62.0,0.89,103.0,Clouds,broken clouds
1084,2022,Austrian Grand Prix,47.2197,14.7647,5064312,2022-07-10 13:00:00,20.08,75.0,7.2,280.0,Rain,light rain
1085,2022,French Grand Prix,43.2506,5.79167,5402112,2022-07-24 13:00:00,31.98,0.0,4.1,231.0,Clear,clear sky
1086,2022,Hungarian Grand Prix,47.5789,19.2486,5975912,2022-07-31 13:00:00,18.32,75.0,10.8,310.0,Rain,light rain
1087,2022,Belgian Grand Prix,50.4372,5.97139,5152894,2022-08-28 13:00:00,21.53,75.0,4.63,40.0,Clouds,broken clouds
1088,2022,Dutch Grand Prix,52.3888,4.54092,5802773,2022-09-04 13:00:00,26.87,20.0,4.12,140.0,Clouds,few clouds
1089,2022,Italian Grand Prix,45.6156,9.28111,4827511,2022-09-11 13:00:00,27.12,0.0,2.06,310.0,Clear,clear sky
1091,2022,Singapore Grand Prix,1.2914,103.864,7340238,2022-10-02 12:00:00,25.86,75.0,1.03,110.0,Clouds,broken clouds
1092,2022,Japanese Grand Prix,34.8431,136.541,10904004,2022-10-09 05:00:00,19.02,100.0,3.04,106.0,Rain,moderate rain
1093,2022,United States Grand Prix,30.1328,-97.6411,6131687,2022-10-23 19:00:00,28.98,75.0,7.2,170.0,Clouds,broken clouds
1094,2022,Mexico City Grand Prix,19.4042,-99.0907,5916729,2022-10-30 20:00:00,23.92,40.0,3.09,30.0,Clouds,scattered clouds
1095,2022,Brazilian Grand Prix,-23.7036,-46.6997,5914044,2022-11-13 18:00:00,27.15,0.0,6.17,180.0,Clear,clear sky
1096,2022,Abu Dhabi Grand Prix,24.4672,54.6031,5265914,2022-11-20 13:00:00,29.09,0.0,7.2,320.0,Clear,clear sky
